{"count":1,"self":180.8731392,"total":648.7268841,"children":{"InitializeActuators":{"count":30,"self":0.0010215,"total":0.0010215,"children":null},"InitializeSensors":{"count":30,"self":0.0005052,"total":0.0005052,"children":null},"AgentSendState":{"count":139167,"self":1.2971945999999999,"total":9.1270312999999987,"children":{"CollectObservations":{"count":835020,"self":2.8439267999999998,"total":2.8439267999999998,"children":null},"WriteActionMask":{"count":835020,"self":0.22324239999999998,"total":0.22324239999999998,"children":null},"RequestDecision":{"count":835020,"self":1.1199067999999999,"total":4.7626675,"children":{"AgentInfo.ToProto":{"count":835020,"self":0.9479633,"total":3.6427606999999997,"children":{"GenerateSensorData":{"count":835020,"self":2.6947973999999997,"total":2.6947973999999997,"children":null}}}}}}},"DecideAction":{"count":139167,"self":444.82590719999996,"total":444.82592539999996,"children":null},"AgentAct":{"count":139167,"self":13.881782399999999,"total":13.8939987,"children":{"AgentInfo.ToProto":{"count":714,"self":0.0005221,"total":0.0122162,"children":{"GenerateSensorData":{"count":714,"self":0.011694099999999999,"total":0.011694099999999999,"children":null}}}}},"AgentInfo.ToProto":{"count":520,"self":0.0015255,"total":0.0042171,"children":{"GenerateSensorData":{"count":520,"self":0.0026915999999999997,"total":0.0026915999999999997,"children":null}}}},"gauges":{"Staff.CumulativeReward":{"count":1234,"max":4.00095224,"min":-1.18860209,"runningAverage":2.37121034,"value":2.99984384,"weightedAverage":3.01150846}},"metadata":{"timer_format_version":"0.1.0","start_time_seconds":"1733432886","unity_version":"2022.3.33f1","command_line_arguments":"C:\\Program Files\\Unity\\Hub\\Editor\\2022.3.33f1\\Editor\\Unity.exe -projectpath E:\\UnityWorkspace\\ML_CatRestaurant -useHub -hubIPC -cloudEnvironment production -licensingIpc LicenseClient-jyeon -hubSessionId c4dfb07d-1767-4b1a-9a77-8fa10c8ddf5e -accessToken -XvBMc3hL0-nyucLJUY8H0k-qTlrdpP0j4TFIkzQHOI00df","communication_protocol_version":"1.5.0","com.unity.ml-agents_version":"2.2.1-exp.1","scene_name":"Restaurant_Stage2","end_time_seconds":"1733433535"}}