{"count":1,"self":339.4076416,"total":1379.6596987,"children":{"InitializeActuators":{"count":30,"self":0.0015071,"total":0.0015071,"children":null},"InitializeSensors":{"count":30,"self":0.0015099999999999998,"total":0.0015099999999999998,"children":null},"AgentSendState":{"count":333851,"self":2.9007226,"total":26.113825199999997,"children":{"CollectObservations":{"count":2003130,"self":11.250396799999999,"total":11.250397099999999,"children":null},"WriteActionMask":{"count":2003130,"self":0.4062742,"total":0.4062742,"children":null},"RequestDecision":{"count":2003130,"self":2.3495136,"total":11.5564313,"children":{"AgentInfo.ToProto":{"count":2003130,"self":2.1302624,"total":9.2069178,"children":{"GenerateSensorData":{"count":2003130,"self":7.0766551999999994,"total":7.0766553,"children":null}}}}}}},"DecideAction":{"count":333851,"self":980.2671104,"total":980.2671174,"children":null},"AgentAct":{"count":333851,"self":33.8076192,"total":33.841773499999995,"children":{"AgentInfo.ToProto":{"count":1777,"self":0.0097904999999999989,"total":0.0341533,"children":{"GenerateSensorData":{"count":1777,"self":0.0243628,"total":0.0243628,"children":null}}}}},"AgentInfo.ToProto":{"count":1394,"self":0.0084788,"total":0.0252265,"children":{"GenerateSensorData":{"count":1394,"self":0.0167477,"total":0.0167477,"children":null}}}},"gauges":{"Staff.CumulativeReward":{"count":3171,"max":3.8885026,"min":-8.699802,"runningAverage":1.115329,"value":2.735716,"weightedAverage":2.72609639}},"metadata":{"timer_format_version":"0.1.0","start_time_seconds":"1733466724","unity_version":"2022.3.33f1","command_line_arguments":"C:\\Program Files\\Unity\\Hub\\Editor\\2022.3.33f1\\Editor\\Unity.exe -projectpath E:\\UnityWorkspace\\ML_CatRestaurant -useHub -hubIPC -cloudEnvironment production -licensingIpc LicenseClient-jyeon -hubSessionId c4dfb07d-1767-4b1a-9a77-8fa10c8ddf5e -accessToken -XvBMc3hL0-nyucLJUY8H0k-qTlrdpP0j4TFIkzQHOI00df","communication_protocol_version":"1.5.0","com.unity.ml-agents_version":"2.2.1-exp.1","scene_name":"Restaurant_Stage3_1","end_time_seconds":"1733468103"}}